{"accuracy_score": 0.8360655737704918, "cm_sensitivity": 0.7727272727272727, "cm_specificity": 0.8717948717948718, "f1_score": 0.8717948717948718, "roc_auc_score": 0.8222610722610723}