{"accuracy_score": 0.7419354838709677, "cm_sensitivity": 0.6923076923076923, "cm_specificity": 0.7777777777777778, "f1_score": 0.7777777777777778, "roc_auc_score": 0.735042735042735}